campaign_id,components
1024,"[0.8815475331535398, 0.7643238525914269, -1.167586119253999]"
1025,"[1.001442949106345, -0.5181743527402859, 0.7541398937889191]"
1026,"[0.6507826865678702, -0.2244166129607734, 0.5490083524071707]"
1027,"[2.2830969926239058, -0.375695166577607, -0.3796938241682541]"
1028,"[-0.13526965795521023, 0.24904101351787827, -0.8054491867020405]"
1029,"[-1.142072439166206, -0.5540896498078504, 0.6543810275462285]"
1030,"[0.6119756211862246, 0.5497592070206068, -1.1951299688090424]"
1031,"[-0.5461489483946698, -1.7320702700674018, 0.42676299440247756]"
1032,"[-0.6041221407590939, 0.390211781459184, -2.0308213979088663]"
1033,"[-1.6621492849326494, 0.4598938141586974, 0.31212094431926973]"
1034,"[0.19953340039929102, 0.053911700159770884, -1.254142367377783]"
1035,"[0.44920178872892075, 0.25013163130340943, -0.5445272765084368]"
1036,"[-0.50795014409, 1.983799254641689, -0.9106078497672866]"
1037,"[-0.6243562884326193, 0.9448019685509591, 2.0233199758841263]"
1038,"[-0.719895530143338, 0.12771215992607657, 0.18172693623877154]"
1039,"[-0.6028649852206157, -2.137116720879782, -0.78223293434671]"
1040,"[-0.2873108156822712, -0.8225532927921686, -0.5678401955175769]"
1041,"[-1.7679536707899601, -0.8383247763020156, 0.11723232511179678]"
1042,"[-0.30740145418887593, -0.149422463278274, 1.807455699681935]"
1043,"[-0.535676248791208, 0.4947421513932584, 0.8763372767992598]"
1044,"[-1.4663352396911975, -0.5206787328044077, -2.051041553120408]"
1045,"[-0.5636490891980168, -0.4558145801859443, 2.3598024219815503]"
1046,"[1.3080485082555633, 0.986831137682237, 0.14004609922214523]"
1047,"[0.11394315436043616, -1.721837501350493, 0.6657505425220421]"
1048,"[0.2573261795429233, 0.8719884436215688, -0.581431809792779]"
1049,"[0.7159873078141561, -0.5674322470181509, 0.15438162352567383]"
1050,"[1.4237421714557628, 0.7092451227359374, 0.3946146696908183]"
1051,"[0.7969524979487546, 1.1747608613911198, 0.4177343695524458]"
1052,"[-0.727922773003212, 0.4600443019105801, -0.6177096336282658]"
1053,"[-0.35657377342835817, -0.5365693154479212, 0.2040962233468093]"
1054,"[0.6600560206363133, -0.7980662228799495, 0.22119452602704162]"
1055,"[-1.925529275249245, -0.31808228024149005, 0.03154960045679088]"
1056,"[-0.12205265565340497, 1.043882112316598, 1.276673464030817]"
1057,"[0.8925805386189092, 1.0166943681379008, 1.8641342278098103]"
1058,"[-0.29369719621081425, -0.27908142715953904, -1.72879170344421]"
1059,"[0.338467966954683, -1.3528837751978762, -1.059047064806273]"
1060,"[-1.550086100224343, 0.3722368775647151, 0.06797101241890277]"
1061,"[-1.6245122934596075, 0.889320693663603, 0.32540219579529184]"
1062,"[0.9761364206907038, 0.5108439404937727, -1.6242590507273709]"
1063,"[-2.62921575334898, -0.11753666705407552, -0.7769209831641304]"
1064,"[-0.23020731077159795, -1.3736097045401892, -1.3136220503411866]"
1065,"[0.7690319687260617, -0.8870326198316509, -0.30971363090841875]"
1066,"[-0.6638487736249534, 0.9771912069172541, -2.035566545747268]"
1067,"[-1.8857817115858158, 0.5589350534766703, 0.7902724483504182]"
1068,"[1.6079535400997065, 0.5465033868240833, 1.0695302650089493]"
1069,"[1.2800304266560485, 1.8066270400404525, -0.28476766486576205]"
1070,"[-0.5993398126266589, -0.08309413641363553, 0.6810226302683239]"
1071,"[-0.46464829202393304, -0.30037378307419765, -0.1483152528176039]"
1072,"[0.5433243031298929, 0.4361234899148285, -0.44364777592539806]"
1073,"[1.0668694793246094, 0.5411059583640728, -0.6981568339360141]"
1074,"[-0.13047312362557695, 0.5640906324222759, 1.8617742451546342]"
1075,"[0.591729334042112, -1.8295792140482325, 0.41850723156769304]"
1076,"[-1.5103582737594847, -0.29750935218494085, -1.0228713772338383]"
1077,"[1.1242103998774384, 0.7699936407078262, 1.8854323865997364]"
1078,"[-0.6954781184264465, 0.7548376943317379, 0.3705566510860501]"
1079,"[0.7821575464196782, -1.6095285813287539, -0.6326319914072802]"
1080,"[1.6376271878975477, 1.2597571697996446, -0.6943235255900306]"
1081,"[0.5019561020255808, -1.7967449240170152, 0.05845813284947749]"
1082,"[-1.0555932939653343, -1.711473131711982, -0.26888894827210374]"
1083,"[1.2089102470734545, 0.7371573300025243, 0.06404081266208547]"
1084,"[-0.461033391736107, 0.5391878144814874, 0.48883491302434917]"
1085,"[-0.36104382416609865, -0.42988068861882534, 1.2229351795770984]"
1086,"[-1.9868860093390543, 0.9673000270910832, -1.2133982924962867]"
1087,"[-0.35650990887494327, 1.6722822639741022, 0.09252997879349793]"
1088,"[0.05703841322550923, 0.78703782295868, -0.8302781575746416]"
1089,"[1.004140168715157, 2.2389638432627494, -0.9445125903918377]"
1090,"[-0.41183223351680953, 0.327975271857059, 1.0805709114960307]"
1091,"[0.7034786848922839, 0.15108883054878008, -0.8956768623621293]"
1092,"[-0.9047990045691153, 1.2225623880565242, 1.584268347058413]"
1093,"[-0.3380540022539606, -1.4957093235184438, -0.6571251405114741]"
1094,"[-0.2396224398551116, 0.1170400691606549, -1.4419755379342407]"
1095,"[1.0629097368708913, -1.2947952857542537, -0.40230726149644286]"
1096,"[-1.2130349678230719, -1.9209944925867892, 0.6466317216791362]"
1097,"[-0.6226251459592851, -0.4759869866958725, -2.2696902097418845]"
1098,"[0.26013309231364984, 0.22342202738380457, -1.2213807212345567]"
1099,"[-0.0787424365897495, -1.4699754598895027, -0.05398145897418198]"
1100,"[-0.6325092514925601, -1.060283961311123, -1.6180768127584533]"
1101,"[-0.15066150860547842, -2.552430859358488, -1.3257262463007642]"
1102,"[-0.1429432509890853, -0.7527302522860103, 2.239626695186513]"
1103,"[-1.7202134447328212, -1.644356395088684, 1.9929656454646292]"
1104,"[-2.0335040087495226, 1.0154736934282858, 1.4027045673054446]"
1105,"[-0.3653908651109915, -0.6980092403400054, -2.3648766826041854]"
1106,"[-0.04166832759813443, 1.7131608527839308, 0.037392189223323595]"
1107,"[-0.47268922874020347, -0.6539415232933137, -2.181018443267199]"
1108,"[1.8785662938645, 0.6041321790775391, -0.026433328235232707]"
1109,"[-1.269783737436521, 1.2694614119550638, -1.1033277649211393]"
1110,"[-0.5987200308890575, -0.6139238036977814, -0.6310798335329227]"
1111,"[0.10739064581963333, 0.35084786035615756, 1.6500499670419901]"
1112,"[-1.6284802419344766, 0.07338974519710173, -1.4486186778183971]"
1113,"[-0.09259979877820962, -1.5107787181269277, -0.40164403679393335]"
1114,"[0.8243646555185372, 0.34979668496351385, -0.6925672910994024]"
1115,"[-0.5658684863865427, -1.3608701276000508, 2.0131095055951187]"
1116,"[1.3615660696971998, -0.132429951184862, 0.7776281692458592]"
1117,"[-0.770159452856545, -0.5872396401391202, 0.04569212388276892]"
1118,"[0.15867829330911684, 3.0796943641403782, 0.5600982529864144]"
1119,"[-1.7014186261294109, 0.39671741983741793, 0.3856283095401126]"
1120,"[-1.0248160048440933, 0.04339993072718644, -1.21086039894717]"
1121,"[2.0151146031493035, -1.1053095008732998, 1.9600117842477733]"
1122,"[0.5530565590637615, 0.18344473922704782, -1.5989088497126978]"
1123,"[-0.8802819526736722, -0.4481825268957925, -2.3750822045446913]"
1124,"[0.5251140546943517, -0.2794006959607083, -0.1491545043213831]"
1125,"[0.6897601578066952, 0.9164010532252771, -1.2181247839915024]"
1126,"[1.4788889474200302, 1.463076654420175, 1.7429928078939436]"
1127,"[-0.01919406744632509, -2.9303124746802487, -1.9277165566990027]"
1128,"[0.7136803803856516, -0.7193976021850481, 1.1295994738463988]"
1129,"[-0.4907796797461138, 0.33197824291011835, -0.366000290510987]"
1130,"[1.2876685009349602, -0.15012199626694028, 0.38851330887105134]"
1131,"[-1.38797848595837, 0.919677860338342, -1.9980583426278204]"
1132,"[-0.7841865026577353, 0.9477938298732241, -1.085715639919347]"
1133,"[-1.2837438194838835, -0.22534512913008012, 1.3513972497208973]"
1134,"[-0.5960230651991549, -1.4346387987857285, -0.8995017744839895]"
1135,"[-1.521765512223218, 2.0210139857486324, -0.46497132308701766]"
1136,"[0.5615028765022978, -0.638917810199132, -0.2915182496449473]"
1137,"[1.1409718492031984, -0.7680003821533623, -0.24333233261425116]"
1138,"[0.7445575004539975, 1.2261088770627337, -0.7253918418717472]"
1139,"[-1.156511058241989, 1.991762397559044, 0.4708929917683775]"
1140,"[-0.9940100790419777, 0.6291004414250142, -0.011055265074984355]"
1141,"[1.0588741100189853, -0.466265604733794, 0.33517085223292653]"
1142,"[1.2716443750956832, 0.4493498128609417, 0.9669037911183159]"
1143,"[-0.5323440874517759, -0.4286259743794509, 0.4065903953936969]"
1144,"[1.4353877215593112, -1.6374840282045282, -0.30284052771470243]"
1145,"[-0.7737667197713485, 0.42135707371184944, -0.21167767487092923]"
1146,"[-0.6994468359577574, 0.22024974079414592, 1.0269702053308283]"
1147,"[-0.46921691156984685, 0.29013048536025526, 0.5532200634649659]"
1148,"[-0.5979602980391848, -1.0146953318834717, -0.5097729013258762]"
1149,"[-0.13737090594865467, -0.622734831299656, 0.52510773739504]"
1150,"[0.37135134042365137, -0.08621046249858792, -1.9364457627489915]"
1151,"[0.4965660228894621, -0.6315829047520697, 0.056214536722517576]"
1152,"[-0.02562283161449612, -0.08247923744142534, 0.4500834195771999]"
1153,"[1.162635139317801, -0.07220957412342362, 0.31524999424648925]"
1154,"[-2.010771418253137, 2.155865587539045, -0.04075375822628031]"
1155,"[0.8982925144968029, 1.361937657377569, 0.5517300551865728]"
1156,"[-1.2422366890258818, -1.3723359277272742, 0.8110712204943359]"
1157,"[-1.90549206077396, -1.0562179271020455, -1.7023209644350643]"
1158,"[-0.47902946020526055, -0.9384482887128166, 0.1116856495094069]"
1159,"[2.1521589696348666, -0.9951301489492261, -0.23869305608786565]"
1160,"[-0.25017284494764697, 0.3395645948917346, -0.3101697583298005]"
1161,"[-1.9179667799584073, -1.8186384052732618, 1.635190631870737]"
1162,"[0.04710202544250666, -1.1299486759422694, 2.0677052395043574]"
1163,"[0.7415696778063944, -1.6665690505807886, -0.3059624695210331]"
1164,"[0.6471567869444779, -0.10557068026544174, 0.6280738211378293]"
1165,"[0.6307867923791918, -0.7715472305627569, -1.2226375417599102]"
1166,"[0.6068209998970452, 1.2810872246282932, 0.79379524914026]"
1167,"[-0.024679001533713076, 0.5989341921615867, 0.11218764784714563]"
1168,"[-0.23991777679420553, 2.5125729575662357, -1.4439814984264892]"
1169,"[-0.0841353221034532, 0.45690241460245046, 0.7218184181203242]"
1170,"[-0.6634973496465519, 1.40205679923623, -0.7338024235903304]"
1171,"[-1.3733638950787728, 0.2931093549520909, 0.25934494881192327]"
1172,"[-0.13440499688751983, -0.38996118091583926, -1.4581803024367062]"
1173,"[-0.017920727291510192, 1.0093330315439268, 1.1508059574867022]"
1174,"[-0.4796592578804843, -0.33725496952673933, 2.7676363920410525]"
1175,"[-0.730513348178274, -0.03899099116604869, -1.3612749605373706]"
1176,"[0.41029940449275637, -0.844875600336297, -0.6069878384395004]"
1177,"[-0.859592606288238, -0.1338272273602399, -1.0385525495134837]"
1178,"[-0.38010990218695756, -0.32006134291697835, 1.0404885290042267]"
1179,"[-0.5096985097399228, -0.6048692169874382, 0.5713055523559203]"
1180,"[-0.002062437191231499, 0.007564769198177238, 0.5929528106082846]"
1181,"[0.4117704847241473, -1.330060364827453, 0.07268410259575456]"
1182,"[-0.9010756431909938, -0.20654448595522065, -0.0247855810013518]"
1183,"[0.26003758490654266, -0.7537291584581608, 0.04112030886396279]"
1184,"[0.012286908416565715, 0.1327552106253782, -0.6113891502915809]"
1185,"[0.46147647913749795, -1.352686599748253, 0.05548990658863497]"
1186,"[0.21331156188280506, 0.9080926615069184, 0.056900084872825926]"
1187,"[0.3815675706334781, -0.5156033660230901, 1.5615934023625337]"
1188,"[1.0525371583891994, -0.5994379714688516, -0.7151934975141544]"
1189,"[-1.5594641338069375, -0.36869623936940554, -1.0619754818771507]"
1190,"[-1.740260130856409, 1.1500398914464105, 0.0418311352152841]"
1191,"[-0.13808861530155844, -0.09190534504086116, -0.03334072957680117]"
1192,"[1.3557539770479887, -0.3729912205977626, -1.0870376916511892]"
1193,"[-1.0483662397254283, -0.2413288600449814, -1.0378707575498363]"
1194,"[-1.4198663735865586, 0.2748508603887311, -0.45258552199049346]"
1195,"[-1.142071324413588, -0.45559581792958853, 0.8444233151349306]"
1196,"[0.37032137893801914, -1.6592316047450562, -1.7275356163780355]"
1197,"[0.6856951403772445, -1.029511883643916, 1.4948905756935869]"
1198,"[-2.1193620919395473, 0.7330153099509449, 0.8921352549012165]"
1199,"[0.8475083132289558, -0.5897629146392579, 0.2877447532244716]"
1200,"[0.6922684803370813, -0.28710407485450196, 1.476670343131055]"
1201,"[-0.8186284542108065, 1.5828443867702744, -0.4609566946682861]"
1202,"[-0.7744741332759734, -0.8216797721542642, -1.2719236225469577]"
1203,"[0.338594215769143, -0.41589470436394577, 1.4144325372157616]"
1204,"[0.38250604154220197, -0.6577484525562199, 1.2619870862454166]"
1205,"[1.7498830538070895, -0.8529575670591575, -1.642220271483169]"
1206,"[-0.5070195858826202, -0.3548888662588885, -0.9970688878034462]"
1207,"[1.125348419212455, 1.7987485516989061, 0.39031849609699687]"
1208,"[-0.31397623426973703, -1.2534822739344564, -0.17081504314769674]"
1209,"[-1.3067824546913311, 0.04461360608296012, 0.6087503279788868]"
1210,"[-0.8264935299364233, 0.5562600788079001, 1.237247683813086]"
1211,"[0.6348530457799911, -0.30765299486269326, -1.381058871984805]"
1212,"[-1.2035785232256608, 0.4654338006477685, 0.3614782503764785]"
1213,"[-0.11508758786477626, 0.00822705669090099, 0.12575723652193757]"
1214,"[0.8298694231833612, 1.3916769086403242, 1.2230778499317463]"
1215,"[1.5263248391407527, -0.1849767898662495, 0.40700749303021616]"
1216,"[-1.1690485617207103, -1.0111677134936818, 1.3624348080184636]"
1217,"[1.2127585299511996, 0.5932293316303346, 1.1651048376406854]"
1218,"[-1.7515764385955443, -0.4238429733226759, 0.34987635460879035]"
1219,"[0.18495772575290667, 0.8841992213325899, -0.9082343897553439]"
1220,"[0.15462579577628421, -0.7106883278487606, -0.6116716763697444]"
1221,"[-1.6737408587896112, -0.5670440615658545, 0.5191933500997755]"
1222,"[0.14505240728841856, 1.953166371016163, -0.03489872164944258]"
1223,"[1.6258357759948754, -0.27907909486552157, 1.6175822702601155]"
1224,"[0.2543091665845706, -0.6217684193097552, 0.3043447096806502]"
1225,"[-0.14303761048419558, -0.8078041627884125, 0.6722942870429888]"
1226,"[2.0292511168458063, -0.4717130873861291, 0.5132280589410076]"
1227,"[0.3013195555759819, 0.6092519632572396, -1.3395171466342504]"
1228,"[0.5564085446037941, 0.3716030477138634, 2.6309760749447464]"
1229,"[0.8507262549524699, -1.3512813233813503, -1.144192205494312]"
1230,"[0.5952831339116894, -0.17688905048940953, 0.07556584009073704]"
1231,"[0.08758383056067773, -1.1280442606669001, 0.15500088791104302]"
1232,"[-1.915979517080943, -1.434453618903932, 0.99616482062639]"
1233,"[-0.29332378864382924, -0.2747880197259592, 2.7736408651548445]"
1234,"[1.563239900260135, 0.5130997101726729, -0.09621997152993987]"
1235,"[-0.5750142337594514, -0.4408939027090616, 0.6955019068126833]"
1236,"[0.10411275920631495, -0.8700497265295004, -0.4078926968014554]"
1237,"[-0.5197397939070767, -0.06591841192340758, 0.7806971107708225]"
1238,"[1.2001490890283046, 0.746563277075196, -2.019715828920507]"
1239,"[2.217631585122669, 0.9452202024185145, -0.4285509826861995]"
1240,"[-1.083516320893472, -0.5714535840071179, 0.019299986010556432]"
1241,"[0.23804620672552068, -1.0956938319425311, 0.21498650462010702]"
1242,"[1.6107060605671444, 0.9082321316521612, -0.6977769269933035]"
1243,"[1.2048583718587456, 0.9941477008221112, -0.35556567276560513]"
1244,"[-0.38822589272702324, -0.09148070562859305, 0.2988165661065903]"
1245,"[-0.4914166608606386, -0.19570084963175496, 0.42228022959951295]"
1246,"[1.2163662023232744, 0.39163413991564117, 0.8060501185717506]"
1247,"[-0.8615464278967927, -1.3650434880499356, 0.29538745246956843]"
1248,"[-0.8225014795342077, 1.3912177543674105, 1.1817964972187955]"
1249,"[-1.1153474783119188, -0.6095112525053611, 1.7192422643608534]"
1250,"[0.884927722371619, 0.466570543488898, 0.7467834784578669]"
1251,"[0.3913356019738539, -1.1503978738232907, -1.4221648850913657]"
1252,"[-1.953556274916513, 0.17126472104300305, 0.05421534314244163]"
1253,"[-1.305064506940026, 0.12932399090939115, -0.6144400370924783]"
1254,"[0.013549642113785839, 1.1648251461055237, 0.7862779084426594]"
1255,"[0.927399352361149, -0.04053170334986644, -1.7693434480511903]"
1256,"[-1.5951223228127018, -0.5311641467758437, -1.0221737418818304]"
1257,"[0.8978711884182374, -0.47826144304234725, -0.07254652986956568]"
1258,"[0.8209364040420425, -1.3475238176301791, 0.24846660165031578]"
1259,"[0.44212203991494636, 0.3321204855751854, -0.5415900905255746]"
1260,"[-1.2893739422469852, 0.5748180343776754, -0.5995455125179455]"
1261,"[0.9166221597713313, 0.6995943498760668, -0.8494972811979054]"
1262,"[0.14511154418061176, -0.6788944540405241, 0.6344244436225257]"
1263,"[0.32196384214988977, 0.7971774762213046, -1.0779976915767926]"
1264,"[0.8752581897291459, 0.43942428124625416, 0.7537246597445694]"
1265,"[0.013051660547563782, 1.141562426266485, 2.1410254438169725]"
1266,"[1.7799807576471236, -0.4729312522495536, 0.9012461920391696]"
1267,"[-0.7577382940153073, 0.9592555552254143, -1.6614857115406776]"
1268,"[-0.10356771387576559, -0.3420803602045212, 1.006385582567201]"
1269,"[2.7695770711845094, -0.2781523311623237, 0.29711626064611035]"
1270,"[0.656138280675515, 0.2823408470675345, -0.6193652445416757]"
1271,"[1.2606471877338101, -0.20661863752358578, 1.6398950959973715]"
1272,"[-2.8280965426302136, 0.4007722222515701, 0.6152341053080435]"
1273,"[-0.29320280533331716, 0.17624198164359173, -0.7660653069202281]"
1274,"[-0.042618004342112874, 0.9543765559334577, 0.7285210709029485]"
1275,"[-0.2549330175508077, 0.1218751273985889, -0.01964019239653458]"
1276,"[-2.167572082000552, 0.7923055979203073, 0.9207001119123236]"
1277,"[1.475812318106316, 1.5706988409596756, -0.9199163882839924]"
1278,"[0.22907506875213288, -2.0491743223661816, -1.6712853175969067]"
1279,"[-0.3381842942797949, -2.058387155285526, -0.34897939262567285]"
1280,"[2.7626125410160447, 0.8234733913756631, 0.5762864542366698]"
1281,"[0.29938420916632774, 1.0595605851126133, 0.03471180039314868]"
1282,"[1.4134976284475314, 0.5534607444270289, 0.7504959242435856]"
1283,"[0.33257942915343375, 0.5514035084658526, 1.003295370701332]"
1284,"[-0.4882108265317822, 2.0768545131698053, -0.5330858599792407]"
1285,"[0.1583048815994131, -0.1839597007520937, -1.700702613717094]"
1286,"[0.665359615084468, -0.6532207409980708, 0.13586183836574806]"
1287,"[-0.5785850382416232, 0.6221089523399849, 0.05483189895962892]"
1288,"[-0.5912012195116388, 0.608638644800545, -1.235669445924255]"
1289,"[-0.7878086781871891, 0.30835959829634413, -1.1474922243405947]"
1290,"[1.5895007501091476, 1.1041357453795702, 0.8867612357121676]"
1291,"[-0.09006899612463513, -0.19560506565931124, 0.5581822154550918]"
1292,"[-0.1592196364539272, -0.057630671472859406, -0.6815520615491472]"
1293,"[-1.7337515146544238, 0.07488315024032813, 0.15844356538033103]"
1294,"[-0.4873253517505004, -0.1543228837171937, -1.2963713119658096]"
1295,"[-0.4566057962734873, -1.6186467989957856, 0.319417234567901]"
1296,"[-0.36255260343844903, -0.05402138327054146, 2.744253997474728]"
1297,"[-1.094281842175414, -1.4158577140505413, -0.11367414263926992]"
1298,"[0.3805289165043876, -0.5597077978557691, -0.41273407171406723]"
1299,"[0.0648452548530143, -0.9929597842147381, -0.8243118903442455]"
1300,"[0.005231471594269596, -0.00533697027989472, -1.7880321296095505]"
1301,"[-1.2961148252953945, -0.8941398481477595, 0.13114002547426956]"
1302,"[-1.334963180862479, -0.33646345340889666, -1.2306473644944969]"
1303,"[1.4933148165698562, -1.4575999807095203, 0.3937484329970467]"
1304,"[-0.43428023638849084, -0.446248528717024, -1.6967118549551619]"
1305,"[1.4864670504721096, 0.26038579106325854, -0.4083679880170225]"
1306,"[1.4830098863728771, -0.3156570274604956, 0.05119361773804406]"
1307,"[0.558343613481416, 0.08607527993947334, 0.7864419629761865]"
1308,"[0.30331472961071765, 1.739406632646396, -0.8867556687657552]"
1309,"[0.6646177699916045, -1.253122597001814, -0.12646330601360642]"
1310,"[0.8145681806476338, 0.5706673034152381, 2.9458596965964303]"
1311,"[-0.3636554116897344, -1.982219713081009, -0.7747909414350417]"
1312,"[-0.18486490859284443, 0.4334040315930359, 0.7602940859307716]"
1313,"[0.1602889218966843, -0.4510197919367666, 1.0013430768268679]"
1314,"[-0.23043526769685185, 0.049602964372462706, -0.6647623054447548]"
1315,"[-0.6479163409210549, -1.41140846555606, 0.026647787103113097]"
1316,"[-0.15450167941928603, -0.4426701253056857, 0.8640286053207328]"
1317,"[0.04216308681663202, 0.05143685486832597, 0.35001027778251265]"
1318,"[-0.6472325057749928, -1.4114283396556204, 0.9316505818106416]"
1319,"[-1.143274446865891, 0.5986534844081092, 1.3265364970152012]"
1320,"[-0.2170525140991579, -2.469280271696295, -1.8129696752286486]"
1321,"[1.6202210383976936, -0.5496494264295413, 0.5489160938689582]"
1322,"[-0.25500783868766463, -1.822035590524751, 0.44234781155068453]"
1323,"[0.6031498259222512, 0.5466011642756992, 1.728432962303303]"
1324,"[-0.29346399683915014, -0.7456881685676888, -0.16284794725837226]"
1325,"[0.38300341311578245, -0.18501265766038297, 0.060920382675009814]"
1326,"[1.3288147161800856, 0.42908396422041223, -0.8404199380846009]"
1327,"[-0.04722177495659069, 1.2886531486903483, -0.7650863380943486]"
1328,"[0.46648098556717904, -1.1644824076951625, -1.3529612042451795]"
1329,"[-0.19254291046214167, 0.27125788420120184, 0.5828317859881679]"
1330,"[0.03819354803775923, -1.4393492116443822, -0.33174488167261706]"
1331,"[-0.16905858128659534, 0.8234594317959386, -0.3206779812322103]"
1332,"[0.6140856175311732, 0.4480137194860657, -1.293648731863016]"
1333,"[1.011063089772086, -0.2966605597454749, 0.9089969077477484]"
1334,"[1.3062460645733023, 0.2647076130829991, -0.516938283766118]"
1335,"[-0.7467296704342712, 0.07555260620792696, 0.5173784752536995]"
1336,"[-0.4429263942963583, -0.5817741662433061, 0.0393159256262227]"
1337,"[0.23056642761702018, -2.279024743463035, -0.598801355631013]"
1338,"[-2.359466911848235, -1.2219649995611417, -0.604296502571582]"
1339,"[0.16012977334407144, -0.9784690781376177, 0.3580997537489406]"
1340,"[-0.6488082395701501, 0.24492094048234678, 0.10774237770242932]"
1341,"[-1.060909313190482, -0.4527727911894832, 1.5202522089506219]"
1342,"[1.6428751589469712, -0.27170618667991064, 1.00890270727558]"
1343,"[-1.5411415678783662, -0.8184663545160844, -1.5353014348392822]"
1344,"[-1.1574320699931404, -0.989460746846998, 0.07342109614853143]"
1345,"[1.6984371060880326, -0.08239938882735945, -0.2343197264631841]"
1346,"[-2.7243680840550355, 0.49518974677973765, -0.1399813682845511]"
1347,"[0.03177273137785847, -0.8865568938200222, -0.05175399116338213]"
1348,"[0.42799364060782746, 1.6714164553406765, 0.17321320068197923]"
1349,"[-1.0868069048426958, 0.8884479021061101, -0.3071158412110138]"
1350,"[0.9596383172076693, -0.7720584756228399, 0.49249006463300476]"
1351,"[0.7684452889278967, -0.6792024992125982, -0.3294787540990398]"
1352,"[-1.017189562316659, -0.6662891710641455, 0.8702477799274067]"
1353,"[0.8864131626396384, -0.6918691422427481, -0.5482878328862066]"
1354,"[1.772856242089712, 0.49958293436828166, -0.6358562029122035]"
1355,"[0.9468028442335992, 0.7328177562247934, 0.4664874059795026]"
1356,"[-0.7739865801453971, 1.8948114973612824, 2.108236207461221]"
1357,"[-1.0155927558994617, -0.6560295080771497, -0.653848264763132]"
1358,"[1.4428944642065207, 0.2615387019811139, -0.7720367271229038]"
1359,"[-1.3205836026795172, -1.0631178252074334, -1.4146022195348638]"
1360,"[-0.9599563144216198, 0.5538101979554851, 0.2993685294238447]"
1361,"[1.58843662641403, 0.39007250009267813, -1.4822899500978168]"
1362,"[0.9007306294150671, -0.3755648534289389, -0.20883333180804933]"
1363,"[-0.037050142659483094, 0.6361259239816907, -0.3772784244316309]"
1364,"[1.4293011929304857, 1.0934846588037517, 0.2922396830526542]"
1365,"[1.9976111827134495, -0.09052975640388893, -0.6881980490451806]"
1366,"[-0.6441952358500491, 1.7571121229561029, 0.0889124414256965]"
1367,"[0.6643539467153521, -0.6288183821546827, -0.7239205272825061]"
1368,"[-0.8976438941020505, 0.613711536926253, -0.6943497132330029]"
1369,"[0.1099401007321187, -0.08444685716667669, -1.334385501848307]"
1370,"[0.5181794040896384, -0.04542663272466127, 0.18255500074318595]"
1371,"[-0.09581871224762928, 0.5023179931069035, 0.6968403445942704]"
1372,"[-0.0002858870128088571, 1.0832272839146888, 0.4088404504338571]"
1373,"[0.036907264073239215, 0.17017963900449584, 0.356385588264207]"
1374,"[-0.9907894463924624, 0.42722755800832884, -0.2929908255804151]"
1375,"[1.3750254977575762, -1.9537510902261426, 0.3852889238739216]"
1376,"[1.3334610861974039, 0.3000782523875783, -1.2635797523180061]"
1377,"[-0.3419160321738226, 1.221043598743793, -0.419322856636915]"
1378,"[-0.6819581408728644, -0.5958136448862199, 1.4666486744508096]"
1379,"[0.5745418471514671, -0.3418695284572794, -0.5448005813704171]"
1380,"[1.0461237125855842, -0.8244220185822785, -0.918894395230761]"
1381,"[1.9659380286459252, -1.4009269703063625, -0.934807013234605]"
1382,"[-0.068066948338782, -0.8366045069356874, 0.06217051328599787]"
1383,"[1.1333860554712514, 0.6563027218130527, 1.6108585479873794]"
1384,"[-1.9849772584567351, 1.4065575314287777, 0.3008368872544584]"
1385,"[-1.394087286917762, 1.5729871852969917, -1.2234539661080446]"
1386,"[-0.4278667380704054, 1.5399891496264746, 0.6823586735133055]"
1387,"[0.6785106733983686, 0.21283679440850684, -0.9935988129091577]"
1388,"[0.48228660103997817, 2.0110676689410547, 2.039821228731231]"
1389,"[-0.6654704059803923, -0.24665440459210736, -0.03886358988126417]"
1390,"[0.7622467831282189, -0.12240414016946245, 0.12874701401462063]"
1391,"[-0.8906880171674636, -1.0495743536062538, -0.17331452191922422]"
1392,"[0.332577375374504, -1.8823986965413504, -1.3640730020413436]"
1393,"[-0.3671523988394055, 0.8831702471686671, -2.3575171960681]"
1394,"[-0.1714260187547289, 1.737985388220455, -1.1499541247394396]"
1395,"[1.827475711963701, -0.12122825996637061, -0.3908572307940475]"
1396,"[-0.9249008654389896, -0.8866851727079642, 0.6755989529331959]"
1397,"[-0.03718433629695383, 0.9802757055768028, -1.4214164084181349]"
1398,"[0.11343982248463351, -0.6942893476531042, -1.1248803028758534]"
1399,"[0.018424852444769078, 0.023287135711552304, -0.945434603035823]"
1400,"[-2.3679867238562218, 1.6135036816859556, 1.7360404336591369]"
1401,"[-1.6219766496454437, -1.7188137804555301, 1.2948087001583113]"
1402,"[-0.46925042460999805, -0.9989674655091815, -1.6450591024203332]"
1403,"[-0.6614873584487007, 0.829240443288965, -0.20278468327965393]"
1404,"[0.43308219299045414, -0.2256896646532486, 1.1250680596944493]"
1405,"[1.6950400986619552, 0.2541015619158505, 0.9545530572402886]"
1406,"[-0.3414482528916352, -0.7657937951368705, 1.5580744750511375]"
1407,"[0.3427696165420847, 1.3133844435527857, 0.2896701699393503]"
1408,"[-0.6829140034405851, 0.19592977071891335, 2.174428234622706]"
1409,"[-1.0030186015900762, -0.9962226902367888, 1.2165158364205544]"
1410,"[0.9562038806737391, -0.34495699048028033, -0.19691098342734117]"
1411,"[-1.0830037192973294, -0.9162455831439067, -0.8403230715995391]"
1412,"[-0.6776501845191765, -0.4978323294709143, -0.9581863109875703]"
1413,"[-0.41445254094494416, -0.09637785863815752, 2.257043711543562]"
1414,"[-0.5275721423333415, -0.29613750894331486, 0.49808067218425767]"
1415,"[0.4070500825413625, -0.3116852186836482, 0.053670852197691396]"
1416,"[2.3889154329282394, -1.238285153314648, 0.2785422710208818]"
1417,"[-0.8940613844488634, 2.618005900689616, -0.19622133898063585]"
1418,"[1.3307557397532386, 1.2248382902797765, 0.35618690873214787]"
1419,"[1.6465047180736514, -1.7627935377051351, 1.632064386757027]"
1420,"[-0.33365877838619273, -0.3676132382363866, -0.19232646093016442]"
1421,"[-1.003278129470777, 1.4923793830080774, -0.34153027242987394]"
1422,"[-1.8445047485647366, 0.5637203671845111, 1.1849638147144692]"
1423,"[-0.39047978279516404, 0.8796040394796817, -0.4908008030633143]"
1424,"[-1.553948819895527, 0.958050944452712, 0.656396135047218]"
1425,"[-0.2527331149758379, -0.19614710812699784, -0.5143246924467892]"
1426,"[0.32524970806684306, 0.38776846052906955, -0.9097947748705562]"
1427,"[0.4945900199456791, 0.23052309335819632, 0.2877939466767268]"
1428,"[-0.9777946180837601, 0.8713264763885792, 0.03147404865369637]"
1429,"[0.9896327701331191, 0.35677065730951196, -0.16338061915952676]"
1430,"[1.597787825737193, -0.7132887247532477, 0.7607482354631835]"
1431,"[-0.4464612801804825, 0.5353302715787479, -2.1067061705099572]"
1432,"[0.847138969645237, -0.3703542324556842, 0.5262094465782854]"
1433,"[-0.623191041154888, 0.5988816635822203, -0.09559653302603877]"
1434,"[-0.6811993041040487, 0.3994076067669701, -0.31113420130380526]"
1435,"[1.0900953437337801, -0.8292334190748498, -0.4662651024780944]"
1436,"[-0.8718967045567663, -0.23779509616265979, 0.3167584117230132]"
1437,"[1.217515512337554, -1.0003328865341383, 1.0506202143794656]"
1438,"[-2.1259119059833695, -0.6719147333538329, 1.5837868019613224]"
1439,"[-0.12040592060668871, -0.5428738657620875, 0.2506376530911766]"
1440,"[-0.6849995935015489, -0.7072330055872064, 0.5984949278768715]"
1441,"[0.6502211206583912, 1.3504601232931301, 0.07047700046965823]"
1442,"[-0.5192529278441509, 0.1960380029993796, 1.48134403821582]"
1443,"[-1.710180462653303, -0.7739368601103229, 0.051103270113822985]"
1444,"[0.6513033849958372, -0.9858482859605251, 0.051323417624192576]"
1445,"[2.34546505502381, 0.9071668301761365, 0.7845803932581187]"
1446,"[-0.09052080734462721, 1.2847503041356965, 0.19058728773806025]"
1447,"[0.3648304766598268, 0.9734919536065342, -0.10698938874891792]"
1448,"[0.22109930510695197, 1.4154432679530224, 0.08012177545033361]"
1449,"[-0.4629124051797597, 0.2627346513078037, 0.617507559995929]"
1450,"[1.9000650673872, 2.1410287757173267, 0.09095655646759446]"
1451,"[-0.20431156326303393, -0.1816204960558549, -0.502803847466667]"
1452,"[0.10093895382015912, -1.412723140261135, -0.5688359151660681]"
1453,"[0.6341171325325621, -0.0947841195854812, 2.247383960407086]"
1454,"[0.20139965843181812, -0.11269021915307198, 0.6674464030985883]"
1455,"[0.019715651069215395, -0.29941996879897476, 1.8108478015885765]"
1456,"[0.25379107397833395, -0.24949024982769996, 0.8931945024214261]"
1457,"[-1.1957176223927186, -2.1722272362543196, 1.3747449884270266]"
1458,"[0.048714843501884264, -1.0981449837512198, -0.5294269010262548]"
1459,"[-1.0470846919049934, 1.5384226762025164, 0.8325962405841089]"
1460,"[-1.400281345724602, 0.6265812007751902, -0.5096814912937738]"
1461,"[0.3634644432504644, -0.7064341714999174, 0.23144906669453713]"
1462,"[0.6511837196509254, 1.6177385163405267, 0.079202677625804]"
1463,"[-1.746130705820679, 0.5783372447098686, -0.30751425770742263]"
1464,"[-0.21271018983845597, 0.27026154249553896, -2.1488150273166]"
1465,"[0.5926720561902159, -0.7507002039259427, -1.9028664927753294]"
1466,"[-0.05157781549598717, 0.11251261086067174, 0.15513232492750612]"
1467,"[-0.24560445541753492, -0.4164847652732684, -0.4213209547237547]"
1468,"[0.14673134680959332, 0.48803869485076373, -0.44056427752307925]"
1469,"[0.629083048303582, -0.7372447574527167, 0.29216116140774784]"
1470,"[-0.9654237346706273, 0.08826315920179059, -0.21591094613750286]"
1471,"[-0.18216440835611541, 0.995825468650003, 1.0548933722879559]"
1472,"[0.7929664879293837, -0.14306554616828773, 0.9946278941890634]"
1473,"[0.5344270939423187, 0.593460257609145, -0.41411278230150156]"
1474,"[-0.14192097318830377, -1.3942408836931608, 0.21403393576215807]"
1475,"[-0.5092743098806704, 0.6544582282045766, -0.24389827637533087]"
1476,"[-0.8636044983084737, 1.1292402467503424, -0.1040116723504879]"
1477,"[1.0857882492683857, 0.23219426136014068, -0.9693019418505466]"
1478,"[-0.7737608702705353, -1.1936275420130038, -0.4890052281451488]"
1479,"[-0.7599150999414728, 1.6047633020360663, -0.10569474315316799]"
1480,"[-0.01624493007146072, -1.236197408158918, -0.03753035248991409]"
1481,"[-0.37770348708731516, 2.13582806552357, -0.6662551925441139]"
1482,"[-1.1275459866155606, -1.6457312521343683, -1.1066947667619893]"
1483,"[-0.10119696764118782, -0.5585282870757248, 1.0406620048709934]"
1484,"[-0.31503584730444045, 1.6575119993500904, -1.7356967182475105]"
1485,"[-0.5903415400823726, 1.0702910868717757, -0.9386558321003131]"
1486,"[-1.0186232945700544, 0.10637892718504416, 0.7531668457595732]"
1487,"[-0.9748220018312692, -0.3752443310735774, -1.51230416862663]"
1488,"[-0.4154476962950835, 1.1552255863695307, 0.868908512389333]"
1489,"[1.403950421961824, 1.0534082609860307, 1.4797394601384029]"
1490,"[-0.9228278767402768, -0.7420182170249818, 0.19051217825350755]"
1491,"[0.8141109438620021, -2.121119557966424, -0.2623203420303795]"
1492,"[0.26762427072372835, -1.1648547891616148, -0.6189007141193207]"
1493,"[-0.6886407966300382, -0.04757895263274299, 0.5184506184568746]"
1494,"[-0.09736851507634194, 0.12709154877527631, -1.74301488882247]"
1495,"[-0.6402566689080101, 0.7384838365051436, -0.22970446548196588]"
1496,"[1.857834422881251, 1.1341533477019494, -0.2951438176857994]"
1497,"[1.0836207111543992, 1.1261585938351282, 0.19490016357686074]"
1498,"[-0.5618673644769395, -2.218806120621274, 0.056217210091779726]"
1499,"[1.5012418923455162, -0.04959004115187841, -0.23475414730343214]"
1500,"[0.3405049053652677, 0.8977791018092326, -0.9620434690539332]"
1501,"[-0.29368161564290624, -0.8092537494996872, -2.0386569214072443]"
1502,"[-1.9750419602200573, -1.2071893521597736, 0.20227413462190783]"
1503,"[1.0024678699069396, -0.08436281468096749, 1.0850483909822874]"
1504,"[-0.5102381843950439, -0.4149190205244878, 1.6059967448212895]"
1505,"[-0.6215598342758353, 0.6460494313732468, 0.3842815555735397]"
1506,"[-0.7665482060893638, -0.22041443518998158, 0.7024805128397491]"
1507,"[0.8183825803953902, 0.07682166049319245, 1.1102157492394855]"
1508,"[-0.484569305635664, -1.5222234562070214, -2.0405630284976093]"
1509,"[-1.15316723101866, -0.08561575747628769, 0.33103878222969013]"
1510,"[-0.2281346464720496, -0.5875495879407558, 0.44259089300830373]"
1511,"[1.4280806369089263, 1.3728979308367661, -0.16253265007787843]"
1512,"[1.0568660465311432, 1.4129776517241013, -0.18018473794653736]"
1513,"[-0.0008994422989643194, -2.352224486198704, -0.22701043205144883]"
1514,"[-0.5199260834667825, 0.062016143396754285, 0.7899132934128075]"
1515,"[-1.237050449370465, -0.8118895712752756, 0.38865153613493825]"
1516,"[-1.0309577675904442, 0.39756210171869033, -2.7397602412171023]"
1517,"[0.7781554314399762, 0.7831731085136635, -0.2874484908501189]"
1518,"[-0.2398514110553243, 0.8394562591959555, 0.0781585292203379]"
1519,"[0.602841908904912, -0.31692346909582264, -0.13648182881563906]"
1520,"[0.5044294710478912, -2.9352451830862525, 0.4551053232705543]"
1521,"[2.127598784987542, -0.7284394290730494, -1.1930241859920878]"
1522,"[-1.046150185649668, -0.3575403300716234, 0.7822299469753419]"
1523,"[0.3383828116559513, 0.07173985324272832, 0.5809702534964486]"
1524,"[2.0203295536885624, 1.8935629555452942, -0.19277038228050594]"
1525,"[-0.2966860200178605, 1.0417666220070534, 1.0892630136796668]"
1526,"[-0.7788880489108222, -1.9130135495123075, -0.5058307698032716]"
1527,"[0.9895801161797891, 0.4655177608639159, -0.0869703854414364]"
1528,"[0.9683841014208731, -0.7411892261074996, -0.1992599183469035]"
1529,"[-0.6493314913271291, 0.1224946392911607, 0.5427779773624773]"
1530,"[2.2258770964266836, -1.212212509740489, 0.35960620623682316]"
1531,"[0.8567749214794849, -1.794610915730854, 1.796614173889565]"
1532,"[-1.5272301411266986, 0.07970472295641835, 1.6241039689035712]"
1533,"[-1.2593782713160724, -1.7460217299186924, 0.897858584496689]"
1534,"[0.934194569916329, 0.13339443330063722, -0.23328684408662337]"
1535,"[1.145830951377174, 0.9999597860584096, 0.5750868542142888]"
1536,"[0.789825889972296, 0.36685301086781247, 0.49643711323029555]"
1537,"[0.7614734033198526, -1.1117225999220555, -0.7152209121943196]"
1538,"[-1.2303427273915004, 0.5195481101062831, 0.0032729708662577847]"
1539,"[-1.194647688418962, -1.1597315662574794, 1.3268440093467666]"
1540,"[0.7996777660128679, -0.09517216195030256, -0.8685588765744653]"
1541,"[-0.568591189970917, -0.8335300123177398, 0.15557601228043655]"
1542,"[0.8211409125335485, 0.3620197782160659, -1.332370670987877]"
1543,"[0.7016154122946786, -0.9706992190804856, 0.47413319205104826]"
1544,"[0.8311706916879051, 1.0751827238785594, -1.638769536327337]"
1545,"[-0.8078157754825162, 0.3326952225861087, 0.4938897460227527]"
1546,"[-0.6818982337087296, -0.08781623681265821, -0.6055085283152837]"
1547,"[0.4359162317209688, 0.07487620746708781, 1.7389950057683727]"
1548,"[2.348517755684891, 0.7746844661249298, -2.0366656201661466]"
1549,"[-1.4600155151616263, 0.4826743611090066, -0.7940080074671534]"
1550,"[-1.1037645634136566, -0.6947378711661314, 0.615711762848463]"
1551,"[1.5588362475058524, -0.9961981953079652, -0.2223198366814263]"
1552,"[0.1619351186624446, -0.4229281426137242, -0.14824803029758543]"
1553,"[-0.39521362452538444, 0.548292702065417, -0.6744160405166106]"
1554,"[0.26347167772151586, 0.3180873211420647, -0.09119421750650598]"
1555,"[0.07333593686355792, 0.38914030933828614, 0.12048332846936834]"
1556,"[0.6699578096598969, -0.2952166373356437, -0.44605167954464364]"
1557,"[0.011102676509822473, 0.030449259235553354, -1.0560785840828346]"
1558,"[-0.9472714442077816, -1.1758568268267284, -0.00017057904185874048]"
1559,"[0.7531628239490316, -0.03192597534887623, -0.3051062219293309]"
1560,"[0.45845331113296345, 0.36331596575260827, -1.9073402980720822]"
1561,"[-1.8973293185623472, 1.5951496237102085, -0.5912363076167318]"
1562,"[-1.1826729836295464, -0.9071126096248577, 1.7119661966295379]"
1563,"[-1.7196469716719975, 0.07022467557630957, 0.3789034742843032]"
1564,"[-1.8582962991463199, 0.44244762086531275, -0.9433695400575391]"
1565,"[1.327888842588026, 0.5801334270064293, 0.25046546230011646]"
1566,"[1.446295204000095, -1.1107096427105045, -0.39297796537855845]"
1567,"[0.6999287662016362, -0.967526889231152, 0.596539993132164]"
1568,"[-0.4699163860313974, 0.09215901147143701, -1.046230464342401]"
1569,"[0.6312137238055293, 2.08009113609866, -0.6199034756439024]"
1570,"[0.5467099533012556, -0.9453101924059837, 0.8502717733141621]"
1571,"[-0.8353824824645913, -0.46924593167200634, -0.16754329465704673]"
1572,"[-0.4303356663300662, 1.1397188084025505, 0.6087009058481421]"
1573,"[-0.3575278545747751, 0.4604869737757992, 1.4596305029533405]"
1574,"[0.8673646240191613, 0.292544176936628, 0.8416198333055384]"
1575,"[1.0973776691550878, 1.5274513641025103, -0.4656978963373342]"
1576,"[-1.5763801678469902, 0.6540701056511533, -2.7205118020966124]"
1577,"[1.0874538365839503, 0.8667063401932418, 0.2848021363767438]"
1578,"[0.2208580701419703, -0.6285113452298611, 0.5730494089077017]"
1579,"[-0.6536283992822505, -0.7687175082834269, -0.6524172101656932]"
1580,"[1.1726383894303463, -1.3666224255247146, -0.7382797047053146]"
1581,"[1.8130799210572586, -0.7926103079524528, -1.1258792116492007]"
1582,"[0.886148588598104, 0.6588709604178459, 0.40139260225081497]"
1583,"[0.6743583070828674, -0.5577751938971636, 0.368805994336088]"
1584,"[-0.5128305226047628, -0.6205701076018648, 0.22730659001027237]"
1585,"[0.27942205412863347, 1.0761779731841987, 0.1299666456342748]"
1586,"[-1.3313435978669215, -0.6225425903106129, 0.32732652635707915]"
1587,"[0.5267480634287298, 0.8515746902973962, 0.6482319261353704]"
1588,"[0.6513715654843641, 1.8970821818356916, 0.17114088851925915]"
1589,"[0.9325572185003159, -0.8124292829871375, 2.1911453514268087]"
1590,"[-1.8530996910683262, -1.1225792581570948, -1.249080712294896]"
1591,"[-0.10115796716025764, 0.023547352261512108, 0.702958957369115]"
1592,"[-1.032506730476885, 0.35523019973711534, 0.2621186789422949]"
1593,"[0.8066621138668093, -2.158744411096435, -0.016025626801851343]"
1594,"[1.0388928656203866, -0.034834797505841994, 1.2218433999224014]"
1595,"[1.273556497156246, 0.8242507221562434, 0.0795118150563327]"
1596,"[1.1820934051467393, -2.1711960972858937, 0.42960328060357406]"
1597,"[1.4149828965818554, 1.5927133479034679, 0.1517397629585726]"
1598,"[0.44366402488740786, -0.38287231503310676, 0.7101491428247091]"
1599,"[-1.2377184694879415, 0.24640001274191842, -0.17022726124471851]"
1600,"[1.7036580684458646, 1.6238268660571489, -0.49516699301668904]"
1601,"[-0.041877143011686324, -0.23202344853464948, 0.47504018648536744]"
1602,"[-1.3988055102262524, -1.245896151188582, 0.6091032429870435]"
1603,"[-1.662109776529904, -0.8780621741794749, -0.16349667192489514]"
1604,"[-0.3472015361832192, -0.03919762933200433, 0.6797244852327496]"
1605,"[1.0247603825390224, -0.6084027314538416, 0.824335230086088]"
1606,"[0.4356176317265252, -0.863770850558197, 1.3378946939794172]"
1607,"[1.6305411464555624, 1.3461833366447504, 0.955700150467377]"
1608,"[1.7801643392067212, 0.7339464610424349, -0.829404205022715]"
1609,"[-1.034669162101838, 1.35065400056848, -2.1175683279827315]"
1610,"[0.8341977472937335, 1.4482120098544167, 2.3594676918171382]"
1611,"[-0.9484648775352392, 0.2462969211520381, -0.2978604006606005]"
1612,"[0.5723262867523752, 0.22614064934301176, 2.012562520278802]"
1613,"[-1.804621383978663, -0.3560433266435516, -0.24015472211466185]"
1614,"[-1.2315572107351782, 0.08821098313967005, -1.9863411922179883]"
1615,"[0.11891128793167524, 0.06975174911382603, -0.01797433721906167]"
1616,"[-1.490765020655457, 1.2015499536306173, -1.4863548570534852]"
1617,"[1.213505418381445, -0.7258439834477799, -0.10200601544182605]"
1618,"[-0.3215367789606878, -2.0970861096664186, 0.3789080726897631]"
1619,"[-1.008561390264773, -0.1585667248385991, -0.2202951669856315]"
1620,"[-0.7497760559431706, -0.33547573467342784, 0.20011428266668144]"
1621,"[-0.32051274976322575, -0.2118179869645458, 0.3358402714420614]"
1622,"[-0.838046786824351, 0.1314630031626726, 0.20112656505466595]"
1623,"[0.11344421334743438, -0.831016930927964, -0.16370599655473586]"
1624,"[2.574082877389604, -0.68431233684871, 0.44830266384954454]"
1625,"[2.5169892656610036, -0.9704449639510287, -1.184471142991908]"
1626,"[-0.5654994277040057, 0.1352806865603298, -0.13955886739707649]"
1627,"[-0.02363327196814801, 1.2544487195539535, -0.31824723162424345]"
1628,"[-1.085907982687799, -0.5028765752419234, 1.6882561863580898]"
1629,"[0.9120982255568145, 0.06564281800802338, -0.8841533088087467]"
1630,"[-0.3242122641874461, -0.12526343857439534, 0.5271741188897325]"
1631,"[-0.4764218318266094, 1.3713974942530012, -1.1507058156674401]"
1632,"[1.72568409680611, -0.0512160587376636, -0.44384806315254266]"
1633,"[-0.04834854015151563, -0.11792642283003443, 1.203794134590747]"
1634,"[0.8545713146155862, 0.027109339650316307, 1.1805605866572535]"
1635,"[0.19502770800281297, 0.9463026007027671, -1.0365165876996707]"
1636,"[-0.3549310936621572, -1.1050757292039364, -1.5375511119982845]"
1637,"[-1.274836376963346, 0.7125380520783863, 1.2384013424120792]"
1638,"[-2.2077518284826194, 0.08305715395149238, -2.417982423654393]"
1639,"[-0.5281375756855772, 1.4557772737948387, -0.7888489268632628]"
1640,"[-0.334876669144359, 0.16852826783590297, -1.0641700629833244]"
1641,"[0.5963743744241812, -0.269933258430729, -1.029433882018457]"
1642,"[0.21204548760301675, -0.08792010798088036, -0.9130999546905739]"
1643,"[0.7342590181082389, 0.6259309884415952, -0.2728217916106561]"
1644,"[0.45692216303127936, 1.4404850414045096, 0.5489207292787179]"
1645,"[0.3017804846761619, 0.1864788388417651, -0.2768808913723892]"
1646,"[0.5338663161191868, -0.16231636170364222, -0.7139157939245222]"
1647,"[-0.4741922006404343, 1.9567750489396256, -0.5393449952553512]"
1648,"[1.3808178044501662, -0.4252900709789432, -1.2392124311072632]"
1649,"[-0.20364420224929763, 0.10800241689640908, -0.2659642592322201]"
1650,"[0.19349317000299127, -0.9672469395863957, -0.560578850198925]"
1651,"[0.41677621228680706, -0.6381250235700517, -0.188474107791212]"
1652,"[-0.6423413013184188, 0.6981089157216599, 0.6414621149362211]"
1653,"[-0.961458461599821, 0.36592444271282365, 0.013454458952598149]"
1654,"[1.6551300418845192, -0.5224600377709924, 2.044181629232551]"
1655,"[-0.4871851709902738, 0.5527009384778522, 1.291623721859929]"
1656,"[0.012699393420969037, -0.4397260484919745, -1.6747813239436382]"
1657,"[-0.96143155471512, 0.9863945307610571, -0.6028057564542348]"
1658,"[-1.2309937356275995, -1.0648465706488024, -2.0903865187267243]"
1659,"[-0.057226877467732876, -0.15341165628846984, -0.19282445440452467]"
1660,"[0.263072633400022, -2.1392449642926863, 1.8740650136199646]"
1661,"[0.9904634136806586, 2.4295991553971277, -0.15359909418544757]"
1662,"[0.4577245633759367, 0.47168343290376924, -0.6218438189668202]"
1663,"[-0.5299905125695035, 0.0709009741755433, 1.7677971265378456]"
1664,"[1.677551873738314, -0.7110718364122155, -1.4307994215931998]"
1665,"[1.1128186938146452, -0.45973693058263015, 0.3679779906714053]"
1666,"[-0.6634341307238557, -0.29362905801489453, 1.0114080010983177]"
1667,"[-0.34536370387709425, 0.13971253111719847, -1.4128976319122446]"
1668,"[-0.42403513756266353, 0.2159002267370604, -1.0565560401615874]"
1669,"[0.6467409724115173, -0.633911184021649, -0.6057017197451227]"
1670,"[-0.41825443424369774, -0.21746133591186567, 0.22915461588454977]"
1671,"[-0.6851991068015878, -0.621012348302388, 0.6912999169570363]"
1672,"[0.4273505643781021, 0.2640807892811167, 0.6532238814137445]"
1673,"[-0.8173027979453084, -0.5971582963640963, -0.8790563816173532]"
1674,"[-1.9716788861803192, -0.2639656471659764, 0.44134430808533354]"
1675,"[1.679986591643329, 0.14953542230430442, 0.8670422004002692]"
1676,"[0.4413507447590849, -0.49572474489517976, -0.7992482621448727]"
1677,"[-0.3238422187349562, -0.937527613825956, 0.10096058944730156]"
1678,"[-0.662397608937835, -0.5874321205613998, -0.08155992461680456]"
1679,"[0.7270907858445901, 0.7288067370024357, 0.9354584283520784]"
1680,"[-1.8764946120670758, 0.025255425283986485, 2.2148703165053973]"
1681,"[0.2451222359050764, -0.7069488250046054, 1.4409222547599785]"
1682,"[0.6565637853086996, -0.7105617438213785, -0.628702005908883]"
1683,"[2.025059880496367, -0.9891133570658417, 1.5621828856522868]"
1684,"[-0.7543941275016894, 1.1536556652673455, 0.9121724477262987]"
1685,"[-0.18946235058763317, 0.48642097734530076, 1.4586386658315778]"
1686,"[-1.5211946896166446, -2.6815929993789873, -1.065508449988235]"
1687,"[-0.809729000482592, 1.498973369188864, -0.2412410887497168]"
1688,"[0.9240891459138347, -0.4933457702474803, 0.03877296008298058]"
1689,"[0.8366796188961774, -0.6894925324228379, 0.16238959356774668]"
1690,"[-0.46403044492074114, 0.7662005353601563, -0.02702867134789716]"
1691,"[-1.369549665783584, 1.7691121795772415, 0.9063556012835293]"
1692,"[-1.0402500070268714, 0.6635254952519176, -3.3922670497268785]"
1693,"[-0.8325964476438545, -2.247888480606768, -0.217399786214073]"
1694,"[-1.2258011672974745, -0.5892667648351226, 0.004249457839139915]"
1695,"[0.8740729836404303, 0.5866489571575082, -0.3322355588666226]"
1696,"[1.1628004553492368, 0.030486104296087748, -1.5881521939346406]"
1697,"[-0.1098418805015454, -0.14664216736807922, -1.0682939472824424]"
1698,"[0.4456297750332964, -0.3511104109733596, 0.920191135245018]"
1699,"[-0.8100273118307673, -1.0407523727711674, -0.36776339128489427]"
1700,"[-0.686607611765458, 0.27461883953631716, -1.050826565753565]"
1701,"[-0.6150407166233776, -0.9144492914605089, -1.0826959957969022]"
1702,"[-0.1702738553925254, -0.5586589189750433, -0.8613327767153246]"
1703,"[0.12489315129092025, -0.4873984790852545, -0.025953191510613226]"
1704,"[-0.13444685509805523, -0.49606658744529686, 0.24501273817376087]"
1705,"[1.333846025495949, -0.9780701990660132, -0.3734517933882607]"
1706,"[0.4063601591920704, -0.8788666361396402, 0.4234747845968918]"
1707,"[-1.5282046714907216, -1.3825294978191482, -1.1067234594139945]"
1708,"[1.1345323154412696, 0.9946208603935592, 0.7416643078235887]"
1709,"[1.5237499149473965, 0.3366112049495207, 0.2252755963052859]"
1710,"[-0.22361764411234492, -1.9198794100986478, -0.5478718928822168]"
1711,"[2.915082619293587, 0.7953303131235705, -0.17586494371367523]"
1712,"[0.9202842951067629, -0.0974218301983894, 0.31306221926163375]"
1713,"[0.2559318276336866, 0.45963784948309094, -0.4671652706396482]"
1714,"[-0.118348335289123, 1.7152131419456922, 0.6165955034905894]"
1715,"[-0.25640084834836835, -1.3404303833421274, -1.1166733681243952]"
1716,"[0.6224874296698246, 0.8712442580286445, 1.007007913261085]"
1717,"[0.004373255907606356, 0.3166801990128524, -1.1961061431781843]"
1718,"[0.2295440354655724, -0.7838287143421847, 0.3263978929520513]"
1719,"[1.4520637706106607, 0.6333537869018403, -0.5893027495986978]"
1720,"[-0.41127671186453896, -0.8291349172823121, -0.9340473615721677]"
1721,"[-0.4875596407314833, 1.2278021598294055, -1.4726843843299617]"
1722,"[-0.055893866494923755, -0.5105834827727166, 0.44941483117919834]"
1723,"[0.01924219713604671, -0.7814627349041073, -1.9288376362724935]"
1724,"[0.3687901465961712, 0.1707022761361681, -2.0223231119747664]"
1725,"[-2.6633809487074043, -0.24482305659583778, 0.5837852249899602]"
1726,"[1.4018336582107966, -1.1180525167461928, 1.1554943852710906]"
1727,"[0.2881384249095699, 0.10888697958139099, 0.24992204391811143]"
1728,"[0.379935421688873, -0.5088358803412493, 1.499073120934021]"
1729,"[2.3768016185489986, -0.8682024393739958, -1.0261830011732849]"
1730,"[0.007632385000739886, -0.7756052297726062, 0.2992369532511031]"
1731,"[1.6592022435190739, -1.1219156750404131, -0.9260279282421052]"
1732,"[0.38943934523349916, -1.301017842784595, -0.4653203563868509]"
1733,"[1.920064355594513, 3.01481124199769, 0.5987441610538153]"
1734,"[0.8950156235127851, 0.9108080100985442, -0.43719306680350595]"
1735,"[-0.9566282062988377, -0.9406911411799783, -0.39545557671921533]"
1736,"[0.5798906748286186, 1.462845877442679, 1.7411058843890768]"
1737,"[0.4389362235814564, 0.3534534324632506, -0.12587945560876612]"
1738,"[0.5530268126075295, -1.910809449479069, -0.9869487351221422]"
1739,"[0.7299367403089493, 0.04906197087325563, -0.19046224428851644]"
1740,"[0.46339519865188833, 1.1866509171426918, 0.1695916783353417]"
1741,"[0.33700513621762307, 1.7297131719567214, 1.7946603375725245]"
1742,"[0.5865253534778962, -0.794132287858194, -0.8872682411058261]"
1743,"[-1.279108951447728, -0.018104394675649095, 0.8368266782579071]"
1744,"[-0.7306629592300747, -0.15697222230352686, 0.0033003053934036967]"
1745,"[0.5511877862934723, 0.50135941216053, -0.41730145150048353]"
1746,"[-0.9701214789084722, 1.6487788230892595, 1.273270484676175]"
1747,"[-0.06196110487090618, -0.28529360922691244, 0.412203334639177]"
1748,"[1.6811372404315248, 1.0009587065991787, -0.061097189326035015]"
1749,"[0.11717326532107206, 2.7835120694758375, 1.800746022148724]"
1750,"[-1.3060970940553096, -0.9184228213826726, -0.775503203564199]"
1751,"[-1.2774364676024923, 0.2478219030150042, 0.48412939205376604]"
1752,"[-0.8441374243916282, -0.4481892117717438, 2.228969592235943]"
1753,"[0.3606039820771371, 0.4439635790559592, 0.16613992565978328]"
1754,"[0.07825479490280533, 0.48111961570208756, -2.372405739365356]"
1755,"[-0.39118664667159264, 0.73191749065575, -0.6094341069583975]"
1756,"[1.6086639375049812, -0.8618188365846047, 0.2637706117317]"
1757,"[-2.6018957737128, 1.75753686558534, -1.0180420293466068]"
1758,"[1.1331316668126146, 0.39067181629902603, 0.12292512124306564]"
1759,"[-1.1054228148762308, -1.7037030463692133, -1.2822087690312274]"
1760,"[-0.5023841072152863, -0.39887006810019043, -0.8533544171379533]"
1761,"[-2.1097396520448624, 0.42044487799501873, -1.2532668609011903]"
1762,"[0.41320558998488593, -1.2660338945196044, -1.0120430431869467]"
1763,"[1.017386396689013, 0.8683613944791139, -1.7130337506062767]"
1764,"[-0.47579552353016813, 0.5707477335811243, 1.0542398676120084]"
1765,"[1.216587952905802, 0.6013537019441458, 1.2605580759917936]"
1766,"[0.44517494535266094, 0.6269258028247091, 0.2899730789612976]"
1767,"[0.18099652090636173, 0.08832495534246167, -0.42368454633087144]"
1768,"[0.5909896775289023, 1.4538790182973123, -0.9561358048179944]"
1769,"[0.11027692608692209, 1.1350131881227843, 0.8494444036613457]"
1770,"[0.09694589484855903, 0.6823215984257813, -0.2915694886564408]"
1771,"[-0.8421063060673126, 0.8501544971667374, 0.27758859676765607]"
1772,"[-0.7714867187271458, 1.849209696353584, -0.7056792773919427]"
1773,"[0.4519465287213839, 0.7548812724753634, 0.35494541648295375]"
1774,"[1.309144142189757, 0.7667034516845672, 0.820334506057037]"
1775,"[0.8597382214227394, -0.5847168985499036, -0.5664813705195654]"
1776,"[1.0335992335389301, -1.0999397061745808, -1.4292986847846445]"
1777,"[0.4790042195440233, -1.339719628622578, -1.302628543231757]"
1778,"[-0.42944908575863583, 0.65987545630393, 0.3507762974262794]"
1779,"[-0.32857891842741815, 0.43878822368193127, -0.4609090223263779]"
1780,"[0.4016677100640353, 0.42642519436534465, 0.6071833835724327]"
1781,"[-1.6861261739042774, 0.3192978023629711, 0.3039066815296225]"
1782,"[-1.0130081204369725, -0.31935047717288934, 0.8381646622847646]"
1783,"[1.43215303701292, 1.288249520219959, -0.012339663307996972]"
1784,"[1.0730758719998947, 1.8647261105485382, 0.5602536435597487]"
1785,"[-0.2248857247080229, 0.07540995162234364, 0.5981310108141202]"
1786,"[0.920033268224638, -0.7313176597060917, 0.9181560720203004]"
1787,"[1.804654353834513, 0.21925739910515685, 1.8139569950601946]"
1788,"[-0.8699656073584284, 0.25263483469975884, -0.4603433254224899]"
1789,"[0.10017876493935035, 0.023847552451798988, -0.21745337198696493]"
1790,"[-0.23898097790857148, -0.10265637314160234, -1.5839375480526943]"
1791,"[-0.03985948166201974, 0.6640142869930256, -1.4300475909433088]"
1792,"[0.6191684795137662, -0.4816548181522485, 1.1179823794726889]"
1793,"[-0.6103832610704967, -1.6441614707708838, -0.534941966010172]"
1794,"[-1.5452263284793537, 0.8802677429518768, -0.2614177601464876]"
1795,"[-1.1829303424581812, 0.6260584513403872, 0.9499689337188907]"
1796,"[0.7640906524184498, 0.3396724925507746, -1.5020786420221932]"
1797,"[-0.9121553555458394, 1.1671024967205508, -0.600085916383906]"
1798,"[0.8901038606700173, -0.3704477491193055, 1.0117757949768469]"
1799,"[1.2844673511474347, -0.7923310903990629, 0.6097076415942221]"
1800,"[-0.2272386774204648, 1.9055855516309914, -0.433757883478898]"
1801,"[-0.26961616752263007, -1.351552333438548, 0.17202565952634824]"
1802,"[0.0852910952910807, -1.5141227954614498, 0.0009661323992584688]"
1803,"[-0.7042847115845334, -0.3180213907884624, -0.287264746231806]"
1804,"[-0.16525706287678169, -0.1883558915301664, 1.7732799227430545]"
1805,"[-0.30443682811870354, -0.7205203893538594, -0.8866043767544664]"
1806,"[0.986599332400658, -0.4707256410173562, 1.5251501520225021]"
1807,"[0.2681385585708329, -0.38769266143516035, 0.7188610325798875]"
1808,"[-0.0676226001564194, -0.008088423159981506, -0.2867330327125805]"
1809,"[-0.08476888369252032, -1.026947870421209, 1.7916933746728307]"
1810,"[-1.8992147047842465, -1.5792014580659521, 1.171063343993389]"
1811,"[-1.2103624989282529, 0.0858037942972493, -0.2349218461520906]"
1812,"[0.9094618003354621, 0.5952150091207374, -0.09673157384072797]"
1813,"[1.268370798755554, 0.3186934428030011, 0.26578488986436194]"
1814,"[-0.022262591974572594, -0.41855870171177284, -0.5002580148378768]"
1815,"[-0.6091602954850299, -1.2223794891525301, -0.6498450844751149]"
1816,"[0.6913851036299198, 0.07898872461304748, 0.3185344621025089]"
1817,"[0.3488758527123016, -1.0344088551765185, 0.05444774794051618]"
1818,"[-0.447986547194213, 0.7669613028397281, -0.9477588526379729]"
1819,"[0.1772315540705221, 0.5452386129553478, 1.9055669714141439]"
1820,"[-3.7227017081266944, 0.8366963685713065, 1.5656180501290429]"
1821,"[-0.6106864617251018, -0.38266408368412835, 0.050325741047161886]"
1822,"[-1.1750217002676602, 1.5739185421321251, 0.13455067319437336]"
1823,"[1.6335876915833722, -0.5780450506760508, -1.0465853444583222]"
1824,"[0.42744421133206156, 0.057798937906020975, -1.241280951677305]"
1825,"[0.7241640764684181, -0.20609484542184833, 2.0461759226337715]"
1826,"[-0.48740073100268533, 0.9188402665104175, 0.0006309362767505877]"
1827,"[0.6378531464301942, -0.18606658067914342, 1.1115214269655047]"
1828,"[0.6870208839804184, -1.1667615449094846, -0.9195870704292429]"
1829,"[0.11021549451210057, -0.4757095974021253, -0.6649230700088158]"
1830,"[-0.1783101111279308, 0.258434920982432, -0.3639750265263332]"
1831,"[1.7492416241811264, 0.2713813353601674, 1.1332101457101469]"
1832,"[-0.6147304439821256, -0.34005761911987265, -0.8852479046817122]"
1833,"[-0.7325000936480616, 1.4104662566991786, -0.4472572277797999]"
1834,"[0.44142836302538485, -0.31282116790429343, 0.25451945957117633]"
1835,"[-0.7008162618825988, 0.30617814145508027, -0.5660402133237831]"
1836,"[0.6131695970579586, -0.03225515673616405, 0.6274477835989544]"
1837,"[1.416937313119648, -1.0645472258864608, -1.1975501523504923]"
1838,"[1.1167003285262964, -0.11888179269895817, 0.8018974668023243]"
1839,"[-1.8103837779981362, -0.80217235880347, 0.5418113049271249]"
1840,"[0.027563710274589665, -0.43292717629539923, 0.16069877236879263]"
1841,"[-0.07073089218764186, -1.0379345316822641, 0.23469387329723526]"
1842,"[-1.2179642876089958, -1.3270862457262351, 0.9589591116325998]"
1843,"[0.8916223983752785, 1.9746518143996001, 0.6250483213239856]"
1844,"[0.6152154323434557, -0.19652458938498457, -0.46305683513126644]"
1845,"[-1.1318649161872942, -0.11275993126426136, 0.6078116121732645]"
1846,"[-0.15763476082891953, 0.3631545122926592, -0.28491424121842585]"
1847,"[0.3911011571211831, -0.49701754662213704, -0.4161900902928175]"
1848,"[-1.0305873007186752, -0.311189390288585, 1.081093954833836]"
1849,"[-0.6517750086218216, -0.3652899586149247, 0.7792436735406266]"
1850,"[0.22300302250883894, -0.7329529501506095, 0.135365158914776]"
1851,"[-0.4982538005616279, 1.9794808009558633, 1.1680335682704681]"
1852,"[0.5546699736328313, -0.8906232097078763, -1.9779952198584236]"
1853,"[0.3919058258227306, 0.1217624758815419, -1.6903758061628564]"
1854,"[-0.5646603633354932, -0.2276387127020608, 1.7774751843460472]"
1855,"[0.041539065508071286, -0.3312825430793064, 0.07281673025058304]"
1856,"[-0.6616569595442708, -0.5254648358180631, -0.38386181679057396]"
1857,"[0.10679457708866315, 0.07475442038959501, 0.5641171654056143]"
1858,"[0.6608190644428638, 0.21544813725676862, -0.3469968366657994]"
1859,"[0.27484782293195736, -1.9509843172725858, 1.08585472585094]"
1860,"[-1.4428679275755294, -0.655367192409653, 0.014980620834595566]"
1861,"[1.4228892800711002, -0.5800749858840155, -1.1178290250839023]"
1862,"[-0.7742485031596431, -0.2409891478476337, 0.3539846753458004]"
1863,"[0.5274659653699595, 0.27847131610530645, 0.39733925429037303]"
1864,"[-2.072399315955503, 1.5366423742633948, 0.01762168680972886]"
1865,"[-0.5001441427632467, 1.6821598627975638, 1.7386913959498562]"
1866,"[-1.7997750311026441, -0.4181607356514669, 0.022434920380464907]"
1867,"[-0.05478039266449622, -0.5184178324899421, 0.6588715875334948]"
1868,"[0.2917776896324532, -1.1085168379564145, -0.26626221167745523]"
1869,"[1.033086639193606, 0.5314588707288409, -0.15037325419137346]"
1870,"[0.13293204133175301, 0.3702848965690059, 0.8585413306102553]"
1871,"[0.8419346757822666, 0.008567744123629342, -0.006248993240664576]"
1872,"[2.0752916866457753, 0.49883091054955275, 0.21005916884771997]"
1873,"[-0.25225249180801224, 0.144056925024788, 0.3030854798971252]"
1874,"[0.5609132237675047, -0.1499265152198649, -1.0180075904113794]"
1875,"[-1.1144453722158447, 0.271070604146259, -1.6676148608867447]"
1876,"[1.3428074046759924, 0.598955646277953, 0.09409452394151022]"
1877,"[-0.1886105256436394, -1.0261673735833419, -0.9495973114585485]"
1878,"[1.2002297366504728, -0.7906901862321729, 0.6009744560548994]"
1879,"[0.699556986749214, -0.004812823602996742, 0.8439249597290848]"
1880,"[-0.9636057156853609, -0.007071434340102567, -0.013272603633851767]"
1881,"[-0.3082684903506248, -0.3511513147980983, -0.7351830407127984]"
1882,"[0.8047458872737837, -1.9825571720015522, -0.19762372622582494]"
1883,"[1.208878022072667, 0.29080722021059113, -0.5320020467183979]"
1884,"[-0.8298324511664751, -0.4139271149302856, 1.7014966898097719]"
1885,"[1.2967780299505833, 1.6719718866169275, 1.357930957758759]"
1886,"[0.4665100771618901, 1.1624236849637943, -0.8582246704234794]"
1887,"[-1.026376619367542, -0.011297631328200037, 1.3644980492940437]"
1888,"[0.2660539802808608, -0.16643008997389563, -1.1498335926407564]"
1889,"[0.10603483843121495, -1.6147017563131296, 0.019036902554693133]"
1890,"[1.9088231161624007, -0.7103981966844617, -0.7016650435049888]"
1891,"[0.8098470396065474, 1.0482320495611428, 0.07415565837704008]"
1892,"[-0.5003456642476095, 0.5922106651049365, -0.12967838370072124]"
1893,"[1.6895856060522543, -1.414260058931357, 0.961761136004745]"
1894,"[-0.3030384832240203, -1.3514187005594611, -0.30643540342968245]"
1895,"[-0.1865969756857095, -0.07133671178620465, 0.1979493738989751]"
1896,"[-1.5701883897636217, 1.0312529967803215, -1.1071320991753895]"
1897,"[1.1989693602559197, 0.22286099179872743, 0.871633831907256]"
1898,"[-0.3405355835954315, -0.9898947699719806, 1.564388197896073]"
1899,"[0.6763676582343489, 0.5356273290535496, -0.661950730804625]"
1900,"[-0.7662416155605536, 0.29216171490645554, 0.2923043481535059]"
1901,"[-1.255484246573856, 0.9480295398487953, -0.4382522497756711]"
1902,"[-1.2478866356391423, 0.7996658052524307, 0.7695332943272065]"
1903,"[0.8066511925976511, -1.331387229636347, 0.8099010782138247]"
1904,"[-3.62280905370238, 0.4302098077031112, 0.2984673788505659]"
1905,"[0.9543999007563243, 1.9436841631825772, -0.048299482328562474]"
1906,"[1.3734566185287658, -0.3776815577779539, -1.1447270466290764]"
1907,"[0.7201695778897057, 1.527353143196314, -1.3546131342901533]"
1908,"[-0.7325567629026525, -0.7077213687191635, 0.6135863719340948]"
1909,"[-0.37316294416779233, 0.134228116915394, -2.831110342786487]"
1910,"[1.114491531133883, 0.8797389588843806, -0.8544484387196755]"
1911,"[0.5789442615483462, 1.4862182096384189, -1.0126301916838667]"
1912,"[-1.234421555065823, 1.3710720253822515, -0.011752925140636363]"
1913,"[-0.2688404427443703, 0.1647400392322462, -1.284449168761503]"
1914,"[-0.19771221990128343, 0.3763182582911078, 0.3789012260507808]"
1915,"[1.7432085302504423, -1.6304089251992087, 1.6292260146130069]"
1916,"[0.5293372030710896, -1.1482860677310756, -0.8200618472784557]"
1917,"[1.6185013313430365, 0.03828472219972392, -0.01275676110897131]"
1918,"[0.08084540202498557, 0.12533849699770774, -0.7653792184884173]"
1919,"[0.20245021897083057, -1.3660051032027176, 0.6065673578910835]"
1920,"[-1.1491979722635717, 0.36061134889488367, -2.2402418872441907]"
1921,"[-0.4974306718300351, -1.2781165376660801, 0.28670732376440466]"
1922,"[-0.3321507144983247, 0.28162899482460557, -0.15086674872979675]"
1923,"[1.1464791720167948, 1.420158136604141, 1.1799287399199316]"
1924,"[-0.9037115283409938, -0.3381571036745683, 0.032557967442793906]"
1925,"[-0.21395893315585934, -1.1269076981571653, -1.5862829066890918]"
1926,"[0.4330471059405902, -0.8978441865538904, -1.0023754085305363]"
1927,"[-1.029594145140751, -1.6073587749850273, -0.6831707450069925]"
1928,"[-0.09477765818787007, 0.5116199148111085, 1.2587813090212514]"
1929,"[0.21264867561710904, -1.7379429926730565, -0.474897831065745]"
1930,"[-1.083156991721356, 0.6353349889141786, 0.22427499887019578]"
1931,"[-1.912487743408937, -0.1422078574632969, 0.132715372712741]"
1932,"[-0.6664429495591631, 1.8815842203971722, -0.5469418022476676]"
1933,"[0.8526263787939461, -0.9820011159724467, 1.9734741811664391]"
1934,"[-1.00641179712633, -1.2251004154780456, -1.1182760735418553]"
1935,"[0.48823427675410214, 0.7883455794203617, -1.439238458044503]"
1936,"[1.984403503160634, 0.2607813698427239, 0.972819808643194]"
1937,"[0.1272819337394836, -0.15640237736585702, -1.008416996071891]"
1938,"[-0.9488864431239377, -0.9677324579057758, 0.09537420583830027]"
1939,"[0.23033680101493662, -1.284616407749022, 1.0095012090171254]"
1940,"[0.23954669494270353, 0.207723590988527, -0.09710087842021455]"
1941,"[2.056417085672946, 0.2556569275792685, -0.04876598251428081]"
1942,"[0.14004010399758549, -2.0627587679424852, -0.01822109541285228]"
1943,"[-1.0183439823085108, -1.1544551400442087, 0.7972289140159301]"
1944,"[1.5156214823200267, -1.5977242608484765, -0.7670017321085499]"
1945,"[0.8292845530021771, -0.7456620420394621, 2.46016378781791]"
1946,"[-0.8939421645239841, -0.8371779544144324, -0.17530011535643597]"
1947,"[-0.0658986835158713, 2.6901988894368434, -0.8342816090613954]"
1948,"[-0.21054818659061164, -1.3071133311574834, 0.5078278999156807]"
1949,"[-1.994069843303774, -0.8249929836723287, 2.1251418095239076]"
1950,"[0.7514473741159371, -0.6019559491011441, 1.570379391351353]"
1951,"[-0.8885458135842719, -0.5571236724454058, 0.20557641511752367]"
1952,"[0.057745861291179215, 0.2165384581570161, -1.2582056286204768]"
1953,"[0.8753157293152768, -0.2592615447603185, 1.1784474183777418]"
1954,"[0.6861789633304884, 1.8570706823845826, -0.3101841495712909]"
1955,"[1.2849876263151347, 1.8675981685251284, 0.5870391184233676]"
1956,"[-1.275850202765609, -0.6848585186148447, -0.5369507454858813]"
1957,"[-0.019027987398945484, 0.9025257593605677, -0.8328656733657065]"
1958,"[1.2097081150464477, -0.10979682829981091, -2.4530266351372503]"
1959,"[0.48399270789184556, 1.3040548448473694, 0.4005945684042191]"
1960,"[1.0470236835836744, 1.1467216479201827, -0.6932741342639002]"
1961,"[0.4608685433700188, -2.2511178473372317, -0.627486337268834]"
1962,"[0.49325239645037683, -0.32118608916028213, 1.2065532763765103]"
1963,"[0.11700209082755615, -0.36484353876141706, -0.6680562307936282]"
1964,"[-0.02383122277070328, 1.0826419812354924, -0.986873528557969]"
1965,"[1.7981336808391324, -0.7536246081035534, 1.1664831656984809]"
1966,"[-0.2961329279465663, -0.57832750920499, 0.23675810188847302]"
1967,"[1.119341750920808, 1.1445751847903085, 0.8932787269967991]"
1968,"[-0.5440608356991278, 1.0278033117528973, -0.7989525243619668]"
1969,"[-1.199339610575672, 0.5789207401774173, 0.18529915642097805]"
1970,"[-0.004700256845650689, -1.0876060468670088, -0.17086449206566465]"
1971,"[-0.3061986922212281, 0.6652159332292118, 1.0438035847067837]"
1972,"[0.3322959855168307, -0.8350355521974696, -0.3161496489062474]"
1973,"[-0.28484196239173953, 2.608371614016875, -0.5089059932739]"
1974,"[-0.796423807525431, 1.8742871016396105, 1.0935037038974598]"
1975,"[0.02325478900936529, -0.8473850278841101, 1.6510640126571199]"
1976,"[-1.4143276334440351, 2.798146301089539, -0.1093681120879895]"
1977,"[0.60023682301825, -0.4769386589872578, -0.23330887915463036]"
1978,"[0.2641950011208702, 0.6491821991283317, -0.6606108684266745]"
1979,"[0.8830016265976838, -0.6689357794001322, -0.5026578221070596]"
1980,"[1.7410836343127876, 0.7285872519908785, 0.17525644632481105]"
1981,"[1.1247220014635817, -1.8072331508988426, 0.24577499635436692]"
1982,"[-0.293793702894102, 0.5621846537015759, 0.23807423648239492]"
1983,"[0.42040483523510813, -0.07353192533646159, 0.8063360936947399]"
1984,"[-2.3373795954288137, -1.5889942869234968, 1.7794186427253906]"
1985,"[0.7923956042645696, 2.2086025436307697, -0.45282293117470473]"
1986,"[-0.5978080360328674, 0.4206642226584599, -1.0215613733741098]"
1987,"[0.5905108054338566, -0.1902748973001062, 0.43473761708318]"
1988,"[1.2381853615472012, -0.4279549442515364, 0.6856033256504457]"
1989,"[0.008623056565216178, 0.5129923904547308, 0.07849302531774908]"
1990,"[0.22597428428986555, 0.08174954777202532, 0.21865838551090058]"
1991,"[-0.32042754944458746, -0.30215652928969944, -0.6721316848415617]"
1992,"[-1.3251696012748522, 2.9616663783265915, 0.44695184214608463]"
1993,"[0.28202447578777134, 0.48928108340241033, 0.4475813805299002]"
1994,"[0.8174177964702294, -0.6423177107228397, -0.6364794579157033]"
1995,"[0.25767220018663217, 0.34115089775683666, 0.13259834130502648]"
1996,"[0.4437601132890083, 2.5063379677484976, 0.6037027819848865]"
1997,"[0.2898097125296439, -0.19587437257482515, -0.24386234783346802]"
1998,"[0.9848932413505793, -0.949313375854375, -0.1689932586319205]"
1999,"[-0.35478231228787765, -0.2140179978162444, -0.6001942695080784]"
2000,"[-0.2866509440880909, 1.5232560314384969, -1.092227568596237]"
2001,"[0.040781931791673325, 0.2928172240581989, 0.15423536924028583]"
2002,"[-1.1217622825452993, 0.9891382228065222, -0.24593114993710596]"
2003,"[-0.07130383832622542, -0.12577774415001852, 1.7390146493271412]"
2004,"[0.6920052001949963, -0.048520742093792237, 1.6306031374117016]"
2005,"[-0.8823959784404739, 1.5420797535912512, 2.200841837607623]"
2006,"[0.14724147425925543, 0.599163571307447, 0.008753421002155861]"
2007,"[1.382878939608549, -0.24470885172211862, 0.48642665157584486]"
2008,"[1.395204349978902, 0.7441106682042694, -0.5359636299367327]"
2009,"[0.6612484171926366, -1.2453021031215918, -0.5213751758989752]"
2010,"[-1.8281776985951381, 0.11134180715971058, -1.3936365003282516]"
2011,"[-1.1729418090723804, 0.24135641687730755, -0.9819293022828356]"
2012,"[-1.4711572556884898, 1.4262443581918616, -0.06347914889453751]"
2013,"[-0.15592980405372311, 1.2157738182402764, -1.2130790670332159]"
2014,"[0.3332261654277377, -0.253481609136523, -0.42914376713818775]"
2015,"[-0.5329504564528473, -0.3988955844199247, -0.7624881573806546]"
2016,"[-0.29631101484874595, 0.6827676920561485, 0.9477217228395027]"
2017,"[-0.11780357387436335, 1.014017495693425, -1.2740735565967993]"
2018,"[-1.199452099803889, -0.455687947067156, 0.22893415953266488]"
2019,"[-0.45478315643040557, 0.18141851375385826, -0.5738102283703598]"
2020,"[0.14964878937955647, 0.4153978472341935, 0.7284975319939505]"
2021,"[-0.15548740436872177, -0.030016209158720213, -0.7083080520115947]"
2022,"[-0.2823153493238639, 0.457927326230856, 0.21406493347703626]"
2023,"[0.2701150585059466, 0.029695864119069226, -1.5298704365394682]"
2024,"[0.6380074335217453, 0.022384478827822823, 1.2251229463557678]"
2025,"[1.1079450846351597, -0.19018081475572712, -0.903030399175511]"
2026,"[0.3844485782060601, 0.9858223231903532, -1.7018348056974966]"
2027,"[-0.7905124939594348, 0.3832047343090282, 0.1102648885373064]"
2028,"[0.7100271300134909, -0.3037083394062773, 0.4100488869092982]"
2029,"[0.44293186013366825, -0.1889032673347597, -0.7141569264719887]"
2030,"[-0.26832896098268094, 0.1919923829525782, -0.5051903600873788]"
2031,"[0.18643436335830887, 1.5858424267807105, -0.062348052337045906]"
2032,"[0.7369509289955862, 0.13578639735167589, 0.17658029398693556]"
2033,"[-0.4621895277014672, -1.5831111029018468, 0.5141825421544878]"
2034,"[0.3306131272757757, 0.029729731512056087, -0.24249139026791197]"
2035,"[0.978020940352204, -1.6415248250393843, 0.9169283732954693]"
2036,"[1.2364247713041543, 0.5023231313883125, -0.9882390800535295]"
2037,"[-0.8893957827996195, 0.6473351208997815, 0.9556412892440228]"
2038,"[-2.091828810055086, -0.3399762433925161, -0.5896194873363082]"
2039,"[2.0357491715591105, -0.1388465482608338, 0.7819818092475551]"
2040,"[-0.3127286254559424, -0.771706145042299, -0.8610685724766555]"
2041,"[0.24218661685578186, -0.22297607102853415, -0.8840254061960106]"
2042,"[-0.021517097613700662, -0.44242084728822956, 0.49294722853568734]"
2043,"[-0.9697678160298076, -1.6249021464801465, 0.043923591150697924]"
2044,"[-0.3752225229811865, -0.639095286834604, -0.593054995414542]"
2045,"[-0.9607051966016884, 1.8773335210606337, 1.2001121318596326]"
2046,"[2.0906614360906617, 0.6332642569857363, -1.0908559307030878]"
2047,"[-1.7288446433162112, -1.4747283539466012, -0.685596262695657]"
